hla,supertype,supertype_confidence,n_rows
HLA-A*01:01,A01,published,220
HLA-A*02:01,A02,published,1023
HLA-A*02:03,A02,published,379
HLA-A*02:05,A02,published,21
HLA-A*02:10,A02,high,370
HLA-A*02:11,A02,high,379
HLA-A*02:12,A02,high,372
HLA-A*02:16,A02,high,373
HLA-A*02:19,A02,high,354
HLA-A*02:50,A02,high,375
HLA-A*03:01,A03,published,861
HLA-A*11:01,A03,published,577
HLA-A*23:01,A24,published,372
HLA-A*24:02,A24,published,573
HLA-A*24:03,A24,high,512
HLA-A*24:07,A24,high,352
HLA-A*24:19,A24,medium,378
HLA-A*25:01,A01,low,363
HLA-A*26:01,A01,published,272
HLA-A*26:02,A01,published,343
HLA-A*26:03,A01,published,341
HLA-A*29:02,A03,low,383
HLA-A*30:01,A03,low,386
HLA-A*30:02,A01,published,367
HLA-A*31:01,A03,published,382
HLA-A*32:01,A01,published,32
HLA-A*32:07,A01,low,364
HLA-A*33:03,A03,published,371
HLA-A*43:01,A01,low,359
HLA-A*66:01,A03,published,382
HLA-A*68:01,A03,published,387
HLA-A*68:02,A02,published,16
HLA-A*68:23,A03,low,369
HLA-A*69:01,A02,published,15
HLA-A*74:01,A03,published,361
HLA-A*80:01,A01,low,351
HLA-B*07:02,B07,published,647
HLA-B*08:01,B07,medium,465
HLA-B*08:03,B07,low,350
HLA-B*13:02,B44,low,7
HLA-B*14:01(C67S),B27,high,374
HLA-B*14:02(C67S),B27,published,382
HLA-B*15:01,B62,published,1070
HLA-B*15:02,B62,published,349
HLA-B*15:10,B27,published,363
HLA-B*15:17,B58,published,362
HLA-B*18:01,B44,published,359
HLA-B*27:02,B27,published,359
HLA-B*27:03,B27,published,368
HLA-B*27:05,B27,published,366
HLA-B*27:20,B27,medium,368
HLA-B*35:01,B07,published,650
HLA-B*35:03,B07,published,376
HLA-B*35:08,B07,high,27
HLA-B*39:01,B27,published,680
HLA-B*39:02,B27,published,375
HLA-B*39:06(C67S),B27,medium,379
HLA-B*39:10,B27,high,376
HLA-B*40:01,B44,published,302
HLA-B*40:02,B44,published,19
HLA-B*41:01,B44,medium,368
HLA-B*42:01,B07,published,350
HLA-B*42:02,B07,high,376
HLA-B*44:05,B44,low,352
HLA-B*45:01,B44,published,368
HLA-B*46:01,B62,published,361
HLA-B*51:01,B07,published,353
HLA-B*54:01,B07,published,357
HLA-B*55:01,B07,published,378
HLA-B*56:01,B07,published,368
HLA-B*57:01,B58,published,349
HLA-B*57:02,B58,published,363
HLA-B*57:03,B58,high,369
HLA-B*58:01,B58,published,379
HLA-B*81:01,B07,medium,367
